#SampleID	BarcodeSequence	LinkerPrimerSequence	filename	ATTRIBUTE_GNPSDefaultGroup
Q748-3-Bu.mzXML	GATACA	GATACA	Q748-3-Bu.mzXML	G1
Q748-3-EA.mzXML	GATACA	GATACA	Q748-3-EA.mzXML	G1
T849-3-Me.mzXML	GATACA	GATACA	T849-3-Me.mzXML	G1
S342-3-Me.mzXML	GATACA	GATACA	S342-3-Me.mzXML	G1
T800-3-Me.mzXML	GATACA	GATACA	T800-3-Me.mzXML	G1
Y012-3-EA.mzXML	GATACA	GATACA	Y012-3-EA.mzXML	G1
B476-3-Me.mzXML	GATACA	GATACA	B476-3-Me.mzXML	G1
S296-3-EA.mzXML	GATACA	GATACA	S296-3-EA.mzXML	G1
S296-3-Bu.mzXML	GATACA	GATACA	S296-3-Bu.mzXML	G1
Y012-3-Bu.mzXML	GATACA	GATACA	Y012-3-Bu.mzXML	G1
H941-3-Bu.mzXML	GATACA	GATACA	H941-3-Bu.mzXML	G1
Y673-3-Me.mzXML	GATACA	GATACA	Y673-3-Me.mzXML	G1
H941-3-EA.mzXML	GATACA	GATACA	H941-3-EA.mzXML	G1
S863-3-Bu.mzXML	GATACA	GATACA	S863-3-Bu.mzXML	G1
S863-3-EA.mzXML	GATACA	GATACA	S863-3-EA.mzXML	G1
R114-3-EA.mzXML	GATACA	GATACA	R114-3-EA.mzXML	G1
H643-3-EA.mzXML	GATACA	GATACA	H643-3-EA.mzXML	G1
T857-3-EA.mzXML	GATACA	GATACA	T857-3-EA.mzXML	G1
T857-3-Bu.mzXML	GATACA	GATACA	T857-3-Bu.mzXML	G1
R114-3-Bu.mzXML	GATACA	GATACA	R114-3-Bu.mzXML	G1
H643-3-Bu.mzXML	GATACA	GATACA	H643-3-Bu.mzXML	G1
X482-3-Me.mzXML	GATACA	GATACA	X482-3-Me.mzXML	G1
R551-3-Bu.mzXML	GATACA	GATACA	R551-3-Bu.mzXML	G1
R551-3-EA.mzXML	GATACA	GATACA	R551-3-EA.mzXML	G1
S103-3-EA.mzXML	GATACA	GATACA	S103-3-EA.mzXML	G1
H996-3-EA.mzXML	GATACA	GATACA	H996-3-EA.mzXML	G1
T005-3-Me.mzXML	GATACA	GATACA	T005-3-Me.mzXML	G1
T609-3-Me.mzXML	GATACA	GATACA	T609-3-Me.mzXML	G1
S103-3-Bu.mzXML	GATACA	GATACA	S103-3-Bu.mzXML	G1
H996-3-Bu.mzXML	GATACA	GATACA	H996-3-Bu.mzXML	G1
Y011-3-Me.mzXML	GATACA	GATACA	Y011-3-Me.mzXML	G1
S960-3-Me.mzXML	GATACA	GATACA	S960-3-Me.mzXML	G1
T029-3-Me.mzXML	GATACA	GATACA	T029-3-Me.mzXML	G1
Y678-3-Me.mzXML	GATACA	GATACA	Y678-3-Me.mzXML	G1
Y703-3-EA.mzXML	GATACA	GATACA	Y703-3-EA.mzXML	G1
Y703-3-Bu.mzXML	GATACA	GATACA	Y703-3-Bu.mzXML	G1
Y666-3-EA.mzXML	GATACA	GATACA	Y666-3-EA.mzXML	G1
Y666-3-Bu.mzXML	GATACA	GATACA	Y666-3-Bu.mzXML	G1
S860-3-Me.mzXML	GATACA	GATACA	S860-3-Me.mzXML	G1
R510-3-Me.mzXML	GATACA	GATACA	R510-3-Me.mzXML	G1
X481-3-EA.mzXML	GATACA	GATACA	X481-3-EA.mzXML	G1
X481-3-Bu.mzXML	GATACA	GATACA	X481-3-Bu.mzXML	G1
T854-3-Me.mzXML	GATACA	GATACA	T854-3-Me.mzXML	G1
S673-3-Me.mzXML	GATACA	GATACA	S673-3-Me.mzXML	G1
Q884-3-Me.mzXML	GATACA	GATACA	Q884-3-Me.mzXML	G1
H718-3-Me.mzXML	GATACA	GATACA	H718-3-Me.mzXML	G1
Y254-3-Me.mzXML	GATACA	GATACA	Y254-3-Me.mzXML	G1
Y231-3-Me.mzXML	GATACA	GATACA	Y231-3-Me.mzXML	G1
Q768-3-EA.mzXML	GATACA	GATACA	Q768-3-EA.mzXML	G1
Q768-3-Bu.mzXML	GATACA	GATACA	Q768-3-Bu.mzXML	G1
T138-3-Me.mzXML	GATACA	GATACA	T138-3-Me.mzXML	G1
Y239-3-EA.mzXML	GATACA	GATACA	Y239-3-EA.mzXML	G1
Y239-3-Bu.mzXML	GATACA	GATACA	Y239-3-Bu.mzXML	G1
Y331-3-Me.mzXML	GATACA	GATACA	Y331-3-Me.mzXML	G1
X891-3-Me.mzXML	GATACA	GATACA	X891-3-Me.mzXML	G1
Y280-3-EA.mzXML	GATACA	GATACA	Y280-3-EA.mzXML	G1
Y280-3-Bu.mzXML	GATACA	GATACA	Y280-3-Bu.mzXML	G1
B440-3-Me.mzXML	GATACA	GATACA	B440-3-Me.mzXML	G1
H877-3-Bu.mzXML	GATACA	GATACA	H877-3-Bu.mzXML	G1
R425-3-EA.mzXML	GATACA	GATACA	R425-3-EA.mzXML	G1
H877-3-EA.mzXML	GATACA	GATACA	H877-3-EA.mzXML	G1
R425-3-Bu.mzXML	GATACA	GATACA	R425-3-Bu.mzXML	G1
H721-3-Bu.mzXML	GATACA	GATACA	H721-3-Bu.mzXML	G1
Y646-3-Bu.mzXML	GATACA	GATACA	Y646-3-Bu.mzXML	G1
Y646-3-EA.mzXML	GATACA	GATACA	Y646-3-EA.mzXML	G1
H721-3-EA.mzXML	GATACA	GATACA	H721-3-EA.mzXML	G1
R942-3-Bu.mzXML	GATACA	GATACA	R942-3-Bu.mzXML	G1
T001-3-Bu.mzXML	GATACA	GATACA	T001-3-Bu.mzXML	G1
H962-3-Me.mzXML	GATACA	GATACA	H962-3-Me.mzXML	G1
T001-3-EA.mzXML	GATACA	GATACA	T001-3-EA.mzXML	G1
R942-3-EA.mzXML	GATACA	GATACA	R942-3-EA.mzXML	G1
T133-3-Me.mzXML	GATACA	GATACA	T133-3-Me.mzXML	G1
T148-3-Bu.mzXML	GATACA	GATACA	T148-3-Bu.mzXML	G1
S416-3-Me.mzXML	GATACA	GATACA	S416-3-Me.mzXML	G1
S299-3-Me.mzXML	GATACA	GATACA	S299-3-Me.mzXML	G1
T148-3-EA.mzXML	GATACA	GATACA	T148-3-EA.mzXML	G1
S801-3-Bu.mzXML	GATACA	GATACA	S801-3-Bu.mzXML	G1
S801-3-EA.mzXML	GATACA	GATACA	S801-3-EA.mzXML	G1
H713-3-Me.mzXML	GATACA	GATACA	H713-3-Me.mzXML	G1
T798-3-Bu.mzXML	GATACA	GATACA	T798-3-Bu.mzXML	G1
S848-3-EA.mzXML	GATACA	GATACA	S848-3-EA.mzXML	G1
S848-3-Bu.mzXML	GATACA	GATACA	S848-3-Bu.mzXML	G1
T798-3-EA.mzXML	GATACA	GATACA	T798-3-EA.mzXML	G1
T850-3-Bu.mzXML	GATACA	GATACA	T850-3-Bu.mzXML	G1
T850-3-EA.mzXML	GATACA	GATACA	T850-3-EA.mzXML	G1
S143-3-Bu.mzXML	GATACA	GATACA	S143-3-Bu.mzXML	G1
S143-3-EA.mzXML	GATACA	GATACA	S143-3-EA.mzXML	G1
T045-3-Me.mzXML	GATACA	GATACA	T045-3-Me.mzXML	G1
Y681-3-Me.mzXML	GATACA	GATACA	Y681-3-Me.mzXML	G1
Y260-3-Me.mzXML	GATACA	GATACA	Y260-3-Me.mzXML	G1
T855-3-EA.mzXML	GATACA	GATACA	T855-3-EA.mzXML	G1
X814-3-Bu.mzXML	GATACA	GATACA	X814-3-Bu.mzXML	G1
X814-3-EA.mzXML	GATACA	GATACA	X814-3-EA.mzXML	G1
T855-3-Bu.mzXML	GATACA	GATACA	T855-3-Bu.mzXML	G1
S197-3-Me.mzXML	GATACA	GATACA	S197-3-Me.mzXML	G1
B458-3-Me.mzXML	GATACA	GATACA	B458-3-Me.mzXML	G1
R699-3-EA.mzXML	GATACA	GATACA	R699-3-EA.mzXML	G1
T250-3-EA.mzXML	GATACA	GATACA	T250-3-EA.mzXML	G1
H732-3-EA.mzXML	GATACA	GATACA	H732-3-EA.mzXML	G1
S820-3-Me.mzXML	GATACA	GATACA	S820-3-Me.mzXML	G1
H732-3-Bu.mzXML	GATACA	GATACA	H732-3-Bu.mzXML	G1
S325-3-Me.mzXML	GATACA	GATACA	S325-3-Me.mzXML	G1
T250-3-Bu.mzXML	GATACA	GATACA	T250-3-Bu.mzXML	G1
R699-3-Bu.mzXML	GATACA	GATACA	R699-3-Bu.mzXML	G1
S991-3-Bu.mzXML	GATACA	GATACA	S991-3-Bu.mzXML	G1
Y244-3-EA.mzXML	GATACA	GATACA	Y244-3-EA.mzXML	G1
Y237-3-Bu.mzXML	GATACA	GATACA	Y237-3-Bu.mzXML	G1
Y244-3-Bu.mzXML	GATACA	GATACA	Y244-3-Bu.mzXML	G1
Y237-3-EA.mzXML	GATACA	GATACA	Y237-3-EA.mzXML	G1
S991-3-EA.mzXML	GATACA	GATACA	S991-3-EA.mzXML	G1
P105-3-Bu.mzXML	GATACA	GATACA	P105-3-Bu.mzXML	G1
S055-3-EA.mzXML	GATACA	GATACA	S055-3-EA.mzXML	G1
Y679-3-EA.mzXML	GATACA	GATACA	Y679-3-EA.mzXML	G1
T403-3-EA.mzXML	GATACA	GATACA	T403-3-EA.mzXML	G1
S055-3-Bu.mzXML	GATACA	GATACA	S055-3-Bu.mzXML	G1
T403-3-Bu.mzXML	GATACA	GATACA	T403-3-Bu.mzXML	G1
Y679-3-Bu.mzXML	GATACA	GATACA	Y679-3-Bu.mzXML	G1
P105-3-EA.mzXML	GATACA	GATACA	P105-3-EA.mzXML	G1
T261-3-EA.mzXML	GATACA	GATACA	T261-3-EA.mzXML	G1
Y694-3-Bu.mzXML	GATACA	GATACA	Y694-3-Bu.mzXML	G1
Y694-3-EA.mzXML	GATACA	GATACA	Y694-3-EA.mzXML	G1
T261-3-Bu.mzXML	GATACA	GATACA	T261-3-Bu.mzXML	G1
T603-3-Bu.mzXML	GATACA	GATACA	T603-3-Bu.mzXML	G1
T603-3-EA.mzXML	GATACA	GATACA	T603-3-EA.mzXML	G1
neg-3-Me.mzXML	GATACA	GATACA	neg-3-Me.mzXML	G1
S243-3-Bu.mzXML	GATACA	GATACA	S243-3-Bu.mzXML	G1
S243-3-EA.mzXML	GATACA	GATACA	S243-3-EA.mzXML	G1
X508-3-Me.mzXML	GATACA	GATACA	X508-3-Me.mzXML	G1
H964-3-Bu.mzXML	GATACA	GATACA	H964-3-Bu.mzXML	G1
B536-3-Me.mzXML	GATACA	GATACA	B536-3-Me.mzXML	G1
T084-3-Me.mzXML	GATACA	GATACA	T084-3-Me.mzXML	G1
H964-3-EA.mzXML	GATACA	GATACA	H964-3-EA.mzXML	G1
T796-3-EA.mzXML	GATACA	GATACA	T796-3-EA.mzXML	G1
Y363-3-Bu.mzXML	GATACA	GATACA	Y363-3-Bu.mzXML	G1
Y363-3-EA.mzXML	GATACA	GATACA	Y363-3-EA.mzXML	G1
R921-3-Me.mzXML	GATACA	GATACA	R921-3-Me.mzXML	G1
T796-3-Bu.mzXML	GATACA	GATACA	T796-3-Bu.mzXML	G1
T150-3-EA.mzXML	GATACA	GATACA	T150-3-EA.mzXML	G1
T150-3-Bu.mzXML	GATACA	GATACA	T150-3-Bu.mzXML	G1
S744-3-EA.mzXML	GATACA	GATACA	S744-3-EA.mzXML	G1
P193-3-Me.mzXML	GATACA	GATACA	P193-3-Me.mzXML	G1
Y234-3-Me.mzXML	GATACA	GATACA	Y234-3-Me.mzXML	G1
S744-3-Bu.mzXML	GATACA	GATACA	S744-3-Bu.mzXML	G1
T584-3-Me.mzXML	GATACA	GATACA	T584-3-Me.mzXML	G1
Y685-3-EA.mzXML	GATACA	GATACA	Y685-3-EA.mzXML	G1
Y685-3-Bu.mzXML	GATACA	GATACA	Y685-3-Bu.mzXML	G1
Y498-3-Bu.mzXML	GATACA	GATACA	Y498-3-Bu.mzXML	G1
S237-3-Bu.mzXML	GATACA	GATACA	S237-3-Bu.mzXML	G1
T799-3-Me.mzXML	GATACA	GATACA	T799-3-Me.mzXML	G1
S237-3-EA.mzXML	GATACA	GATACA	S237-3-EA.mzXML	G1
Y498-3-EA.mzXML	GATACA	GATACA	Y498-3-EA.mzXML	G1
Y282-3-EA.mzXML	GATACA	GATACA	Y282-3-EA.mzXML	G1
T851-3-Me.mzXML	GATACA	GATACA	T851-3-Me.mzXML	G1
Y282-3-Bu.mzXML	GATACA	GATACA	Y282-3-Bu.mzXML	G1
B527-3-Me.mzXML	GATACA	GATACA	B527-3-Me.mzXML	G1
H963-3-EA.mzXML	GATACA	GATACA	H963-3-EA.mzXML	G1
T859-3-Bu.mzXML	GATACA	GATACA	T859-3-Bu.mzXML	G1
Y486-3-Me.mzXML	GATACA	GATACA	Y486-3-Me.mzXML	G1
T859-3-EA.mzXML	GATACA	GATACA	T859-3-EA.mzXML	G1
H963-3-Bu.mzXML	GATACA	GATACA	H963-3-Bu.mzXML	G1
T124-3-EA.mzXML	GATACA	GATACA	T124-3-EA.mzXML	G1
S051-3-Me.mzXML	GATACA	GATACA	S051-3-Me.mzXML	G1
S205-3-Me.mzXML	GATACA	GATACA	S205-3-Me.mzXML	G1
Y256-3-Me.mzXML	GATACA	GATACA	Y256-3-Me.mzXML	G1
T124-3-Bu.mzXML	GATACA	GATACA	T124-3-Bu.mzXML	G1
Y330-3-Bu.mzXML	GATACA	GATACA	Y330-3-Bu.mzXML	G1
Y690-3-Me.mzXML	GATACA	GATACA	Y690-3-Me.mzXML	G1
Y330-3-EA.mzXML	GATACA	GATACA	Y330-3-EA.mzXML	G1
Y281-3-Me.mzXML	GATACA	GATACA	Y281-3-Me.mzXML	G1
H646-3-Bu.mzXML	GATACA	GATACA	H646-3-Bu.mzXML	G1
Y202-3-Me.mzXML	GATACA	GATACA	Y202-3-Me.mzXML	G1
H646-3-EA.mzXML	GATACA	GATACA	H646-3-EA.mzXML	G1
T088-3-Me.mzXML	GATACA	GATACA	T088-3-Me.mzXML	G1
R107-3-Bu.mzXML	GATACA	GATACA	R107-3-Bu.mzXML	G1
R107-3-EA.mzXML	GATACA	GATACA	R107-3-EA.mzXML	G1
T003-3-Bu.mzXML	GATACA	GATACA	T003-3-Bu.mzXML	G1
H898-3-EA.mzXML	GATACA	GATACA	H898-3-EA.mzXML	G1
T003-3-EA.mzXML	GATACA	GATACA	T003-3-EA.mzXML	G1
H898-3-Bu.mzXML	GATACA	GATACA	H898-3-Bu.mzXML	G1
H905-3-Me.mzXML	GATACA	GATACA	H905-3-Me.mzXML	G1
R416-3-EA.mzXML	GATACA	GATACA	R416-3-EA.mzXML	G1
R416-3-Bu.mzXML	GATACA	GATACA	R416-3-Bu.mzXML	G1
R894-3-Me.mzXML	GATACA	GATACA	R894-3-Me.mzXML	G1
R909-3-EA.mzXML	GATACA	GATACA	R909-3-EA.mzXML	G1
S996-3-EA.mzXML	GATACA	GATACA	S996-3-EA.mzXML	G1
T131-3-Me.mzXML	GATACA	GATACA	T131-3-Me.mzXML	G1
Y230-3-EA.mzXML	GATACA	GATACA	Y230-3-EA.mzXML	G1
Y230-3-Bu.mzXML	GATACA	GATACA	Y230-3-Bu.mzXML	G1
R909-3-Bu.mzXML	GATACA	GATACA	R909-3-Bu.mzXML	G1
T569-3-Me.mzXML	GATACA	GATACA	T569-3-Me.mzXML	G1
S996-3-Bu.mzXML	GATACA	GATACA	S996-3-Bu.mzXML	G1
T133-3-EA.mzXML	GATACA	GATACA	T133-3-EA.mzXML	G1
T133-3-Bu.mzXML	GATACA	GATACA	T133-3-Bu.mzXML	G1
H721-3-Me.mzXML	GATACA	GATACA	H721-3-Me.mzXML	G1
Y646-3-Me.mzXML	GATACA	GATACA	Y646-3-Me.mzXML	G1
H962-3-EA.mzXML	GATACA	GATACA	H962-3-EA.mzXML	G1
R942-3-Me.mzXML	GATACA	GATACA	R942-3-Me.mzXML	G1
T001-3-Me.mzXML	GATACA	GATACA	T001-3-Me.mzXML	G1
H962-3-Bu.mzXML	GATACA	GATACA	H962-3-Bu.mzXML	G1
S848-3-Me.mzXML	GATACA	GATACA	S848-3-Me.mzXML	G1
T798-3-Me.mzXML	GATACA	GATACA	T798-3-Me.mzXML	G1
T850-3-Me.mzXML	GATACA	GATACA	T850-3-Me.mzXML	G1
S416-3-EA.mzXML	GATACA	GATACA	S416-3-EA.mzXML	G1
S299-3-Bu.mzXML	GATACA	GATACA	S299-3-Bu.mzXML	G1
S299-3-EA.mzXML	GATACA	GATACA	S299-3-EA.mzXML	G1
T148-3-Me.mzXML	GATACA	GATACA	T148-3-Me.mzXML	G1
S416-3-Bu.mzXML	GATACA	GATACA	S416-3-Bu.mzXML	G1
H713-3-Bu.mzXML	GATACA	GATACA	H713-3-Bu.mzXML	G1
H713-3-EA.mzXML	GATACA	GATACA	H713-3-EA.mzXML	G1
S801-3-Me.mzXML	GATACA	GATACA	S801-3-Me.mzXML	G1
H718-3-Bu.mzXML	GATACA	GATACA	H718-3-Bu.mzXML	G1
Y254-3-Bu.mzXML	GATACA	GATACA	Y254-3-Bu.mzXML	G1
Y254-3-EA.mzXML	GATACA	GATACA	Y254-3-EA.mzXML	G1
H718-3-EA.mzXML	GATACA	GATACA	H718-3-EA.mzXML	G1
Y231-3-EA.mzXML	GATACA	GATACA	Y231-3-EA.mzXML	G1
Y231-3-Bu.mzXML	GATACA	GATACA	Y231-3-Bu.mzXML	G1
S673-3-EA.mzXML	GATACA	GATACA	S673-3-EA.mzXML	G1
S673-3-Bu.mzXML	GATACA	GATACA	S673-3-Bu.mzXML	G1
Q884-3-EA.mzXML	GATACA	GATACA	Q884-3-EA.mzXML	G1
Q884-3-Bu.mzXML	GATACA	GATACA	Q884-3-Bu.mzXML	G1
Y280-3-Me.mzXML	GATACA	GATACA	Y280-3-Me.mzXML	G1
X891-3-EA.mzXML	GATACA	GATACA	X891-3-EA.mzXML	G1
B440-3-Bu.mzXML	GATACA	GATACA	B440-3-Bu.mzXML	G1
B440-3-EA.mzXML	GATACA	GATACA	B440-3-EA.mzXML	G1
X891-3-Bu.mzXML	GATACA	GATACA	X891-3-Bu.mzXML	G1
R425-3-Me.mzXML	GATACA	GATACA	R425-3-Me.mzXML	G1
H877-3-Me.mzXML	GATACA	GATACA	H877-3-Me.mzXML	G1
Q768-3-Me.mzXML	GATACA	GATACA	Q768-3-Me.mzXML	G1
Y239-3-Me.mzXML	GATACA	GATACA	Y239-3-Me.mzXML	G1
T138-3-EA.mzXML	GATACA	GATACA	T138-3-EA.mzXML	G1
Y331-3-Bu.mzXML	GATACA	GATACA	Y331-3-Bu.mzXML	G1
T138-3-Bu.mzXML	GATACA	GATACA	T138-3-Bu.mzXML	G1
Y331-3-EA.mzXML	GATACA	GATACA	Y331-3-EA.mzXML	G1
Y011-3-EA.mzXML	GATACA	GATACA	Y011-3-EA.mzXML	G1
S960-3-EA.mzXML	GATACA	GATACA	S960-3-EA.mzXML	G1
Y011-3-Bu.mzXML	GATACA	GATACA	Y011-3-Bu.mzXML	G1
S960-3-Bu.mzXML	GATACA	GATACA	S960-3-Bu.mzXML	G1
Y703-3-Me.mzXML	GATACA	GATACA	Y703-3-Me.mzXML	G1
Y678-3-EA.mzXML	GATACA	GATACA	Y678-3-EA.mzXML	G1
T029-3-EA.mzXML	GATACA	GATACA	T029-3-EA.mzXML	G1
Y678-3-Bu.mzXML	GATACA	GATACA	Y678-3-Bu.mzXML	G1
T029-3-Bu.mzXML	GATACA	GATACA	T029-3-Bu.mzXML	G1
R551-3-Me.mzXML	GATACA	GATACA	R551-3-Me.mzXML	G1
T609-3-Bu.mzXML	GATACA	GATACA	T609-3-Bu.mzXML	G1
T005-3-EA.mzXML	GATACA	GATACA	T005-3-EA.mzXML	G1
H996-3-Me.mzXML	GATACA	GATACA	H996-3-Me.mzXML	G1
S103-3-Me.mzXML	GATACA	GATACA	S103-3-Me.mzXML	G1
T005-3-Bu.mzXML	GATACA	GATACA	T005-3-Bu.mzXML	G1
T609-3-EA.mzXML	GATACA	GATACA	T609-3-EA.mzXML	G1
X481-3-Me.mzXML	GATACA	GATACA	X481-3-Me.mzXML	G1
T854-3-EA.mzXML	GATACA	GATACA	T854-3-EA.mzXML	G1
T854-3-Bu.mzXML	GATACA	GATACA	T854-3-Bu.mzXML	G1
Y666-3-Me.mzXML	GATACA	GATACA	Y666-3-Me.mzXML	G1
S860-3-Bu.mzXML	GATACA	GATACA	S860-3-Bu.mzXML	G1
S860-3-EA.mzXML	GATACA	GATACA	S860-3-EA.mzXML	G1
R510-3-EA.mzXML	GATACA	GATACA	R510-3-EA.mzXML	G1
R510-3-Bu.mzXML	GATACA	GATACA	R510-3-Bu.mzXML	G1
T800-3-Bu.mzXML	GATACA	GATACA	T800-3-Bu.mzXML	G1
T800-3-EA.mzXML	GATACA	GATACA	T800-3-EA.mzXML	G1
S296-3-Me.mzXML	GATACA	GATACA	S296-3-Me.mzXML	G1
Y012-3-Me.mzXML	GATACA	GATACA	Y012-3-Me.mzXML	G1
B476-3-EA.mzXML	GATACA	GATACA	B476-3-EA.mzXML	G1
B476-3-Bu.mzXML	GATACA	GATACA	B476-3-Bu.mzXML	G1
Q748-3-Me.mzXML	GATACA	GATACA	Q748-3-Me.mzXML	G1
T849-3-EA.mzXML	GATACA	GATACA	T849-3-EA.mzXML	G1
S342-3-EA.mzXML	GATACA	GATACA	S342-3-EA.mzXML	G1
T849-3-Bu.mzXML	GATACA	GATACA	T849-3-Bu.mzXML	G1
S342-3-Bu.mzXML	GATACA	GATACA	S342-3-Bu.mzXML	G1
T857-3-Me.mzXML	GATACA	GATACA	T857-3-Me.mzXML	G1
H643-3-Me.mzXML	GATACA	GATACA	H643-3-Me.mzXML	G1
R114-3-Me.mzXML	GATACA	GATACA	R114-3-Me.mzXML	G1
X482-3-EA.mzXML	GATACA	GATACA	X482-3-EA.mzXML	G1
X482-3-Bu.mzXML	GATACA	GATACA	X482-3-Bu.mzXML	G1
Y673-3-EA.mzXML	GATACA	GATACA	Y673-3-EA.mzXML	G1
Y673-3-Bu.mzXML	GATACA	GATACA	Y673-3-Bu.mzXML	G1
H941-3-Me.mzXML	GATACA	GATACA	H941-3-Me.mzXML	G1
S863-3-Me.mzXML	GATACA	GATACA	S863-3-Me.mzXML	G1
Y202-3-EA.mzXML	GATACA	GATACA	Y202-3-EA.mzXML	G1
T088-3-Bu.mzXML	GATACA	GATACA	T088-3-Bu.mzXML	G1
Y281-3-EA.mzXML	GATACA	GATACA	Y281-3-EA.mzXML	G1
T088-3-EA.mzXML	GATACA	GATACA	T088-3-EA.mzXML	G1
Y281-3-Bu.mzXML	GATACA	GATACA	Y281-3-Bu.mzXML	G1
Y202-3-Bu.mzXML	GATACA	GATACA	Y202-3-Bu.mzXML	G1
H646-3-Me.mzXML	GATACA	GATACA	H646-3-Me.mzXML	G1
R107-3-Me.mzXML	GATACA	GATACA	R107-3-Me.mzXML	G1
Y690-3-EA.mzXML	GATACA	GATACA	Y690-3-EA.mzXML	G1
Y690-3-Bu.mzXML	GATACA	GATACA	Y690-3-Bu.mzXML	G1
Y330-3-Me.mzXML	GATACA	GATACA	Y330-3-Me.mzXML	G1
R894-3-Bu.mzXML	GATACA	GATACA	R894-3-Bu.mzXML	G1
R416-3-Me.mzXML	GATACA	GATACA	R416-3-Me.mzXML	G1
R894-3-EA.mzXML	GATACA	GATACA	R894-3-EA.mzXML	G1
Y230-3-Me.mzXML	GATACA	GATACA	Y230-3-Me.mzXML	G1
T131-3-EA.mzXML	GATACA	GATACA	T131-3-EA.mzXML	G1
R909-3-Me.mzXML	GATACA	GATACA	R909-3-Me.mzXML	G1
S996-3-Me.mzXML	GATACA	GATACA	S996-3-Me.mzXML	G1
T569-3-Bu.mzXML	GATACA	GATACA	T569-3-Bu.mzXML	G1
T131-3-Bu.mzXML	GATACA	GATACA	T131-3-Bu.mzXML	G1
T569-3-EA.mzXML	GATACA	GATACA	T569-3-EA.mzXML	G1
H898-3-Me.mzXML	GATACA	GATACA	H898-3-Me.mzXML	G1
T003-3-Me.mzXML	GATACA	GATACA	T003-3-Me.mzXML	G1
H905-3-Bu.mzXML	GATACA	GATACA	H905-3-Bu.mzXML	G1
H905-3-EA.mzXML	GATACA	GATACA	H905-3-EA.mzXML	G1
T799-3-Bu.mzXML	GATACA	GATACA	T799-3-Bu.mzXML	G1
Y498-3-Me.mzXML	GATACA	GATACA	Y498-3-Me.mzXML	G1
T799-3-EA.mzXML	GATACA	GATACA	T799-3-EA.mzXML	G1
S237-3-Me.mzXML	GATACA	GATACA	S237-3-Me.mzXML	G1
T851-3-Bu.mzXML	GATACA	GATACA	T851-3-Bu.mzXML	G1
Y282-3-Me.mzXML	GATACA	GATACA	Y282-3-Me.mzXML	G1
T851-3-EA.mzXML	GATACA	GATACA	T851-3-EA.mzXML	G1
Y685-3-Me.mzXML	GATACA	GATACA	Y685-3-Me.mzXML	G1
T584-3-EA.mzXML	GATACA	GATACA	T584-3-EA.mzXML	G1
T584-3-Bu.mzXML	GATACA	GATACA	T584-3-Bu.mzXML	G1
Y256-3-Bu.mzXML	GATACA	GATACA	Y256-3-Bu.mzXML	G1
S205-3-Bu.mzXML	GATACA	GATACA	S205-3-Bu.mzXML	G1
S051-3-Bu.mzXML	GATACA	GATACA	S051-3-Bu.mzXML	G1
T124-3-Me.mzXML	GATACA	GATACA	T124-3-Me.mzXML	G1
S205-3-EA.mzXML	GATACA	GATACA	S205-3-EA.mzXML	G1
Y256-3-EA.mzXML	GATACA	GATACA	Y256-3-EA.mzXML	G1
S051-3-EA.mzXML	GATACA	GATACA	S051-3-EA.mzXML	G1
B527-3-Bu.mzXML	GATACA	GATACA	B527-3-Bu.mzXML	G1
B527-3-EA.mzXML	GATACA	GATACA	B527-3-EA.mzXML	G1
Y486-3-Bu.mzXML	GATACA	GATACA	Y486-3-Bu.mzXML	G1
H963-3-Me.mzXML	GATACA	GATACA	H963-3-Me.mzXML	G1
Y486-3-EA.mzXML	GATACA	GATACA	Y486-3-EA.mzXML	G1
T859-3-Me.mzXML	GATACA	GATACA	T859-3-Me.mzXML	G1
neg-3-Bu.mzXML	GATACA	GATACA	neg-3-Bu.mzXML	G1
neg-3-EA.mzXML	GATACA	GATACA	neg-3-EA.mzXML	G1
T603-3-Me.mzXML	GATACA	GATACA	T603-3-Me.mzXML	G1
X508-3-Bu.mzXML	GATACA	GATACA	X508-3-Bu.mzXML	G1
S243-3-Me.mzXML	GATACA	GATACA	S243-3-Me.mzXML	G1
X508-3-EA.mzXML	GATACA	GATACA	X508-3-EA.mzXML	G1
T261-3-Me.mzXML	GATACA	GATACA	T261-3-Me.mzXML	G1
Y694-3-Me.mzXML	GATACA	GATACA	Y694-3-Me.mzXML	G1
T150-3-Me.mzXML	GATACA	GATACA	T150-3-Me.mzXML	G1
Y234-3-Bu.mzXML	GATACA	GATACA	Y234-3-Bu.mzXML	G1
P193-3-Bu.mzXML	GATACA	GATACA	P193-3-Bu.mzXML	G1
S744-3-Me.mzXML	GATACA	GATACA	S744-3-Me.mzXML	G1
Y234-3-EA.mzXML	GATACA	GATACA	Y234-3-EA.mzXML	G1
P193-3-EA.mzXML	GATACA	GATACA	P193-3-EA.mzXML	G1
T084-3-EA.mzXML	GATACA	GATACA	T084-3-EA.mzXML	G1
B536-3-EA.mzXML	GATACA	GATACA	B536-3-EA.mzXML	G1
H964-3-Me.mzXML	GATACA	GATACA	H964-3-Me.mzXML	G1
T084-3-Bu.mzXML	GATACA	GATACA	T084-3-Bu.mzXML	G1
B536-3-Bu.mzXML	GATACA	GATACA	B536-3-Bu.mzXML	G1
R921-3-Bu.mzXML	GATACA	GATACA	R921-3-Bu.mzXML	G1
T796-3-Me.mzXML	GATACA	GATACA	T796-3-Me.mzXML	G1
R921-3-EA.mzXML	GATACA	GATACA	R921-3-EA.mzXML	G1
Y363-3-Me.mzXML	GATACA	GATACA	Y363-3-Me.mzXML	G1
Y260-3-EA.mzXML	GATACA	GATACA	Y260-3-EA.mzXML	G1
Y260-3-Bu.mzXML	GATACA	GATACA	Y260-3-Bu.mzXML	G1
T855-3-Me.mzXML	GATACA	GATACA	T855-3-Me.mzXML	G1
X814-3-Me.mzXML	GATACA	GATACA	X814-3-Me.mzXML	G1
T045-3-Bu.mzXML	GATACA	GATACA	T045-3-Bu.mzXML	G1
T045-3-EA.mzXML	GATACA	GATACA	T045-3-EA.mzXML	G1
S143-3-Me.mzXML	GATACA	GATACA	S143-3-Me.mzXML	G1
Y681-3-Bu.mzXML	GATACA	GATACA	Y681-3-Bu.mzXML	G1
Y681-3-EA.mzXML	GATACA	GATACA	Y681-3-EA.mzXML	G1
Y244-3-Me.mzXML	GATACA	GATACA	Y244-3-Me.mzXML	G1
S991-3-Me.mzXML	GATACA	GATACA	S991-3-Me.mzXML	G1
Y237-3-Me.mzXML	GATACA	GATACA	Y237-3-Me.mzXML	G1
S055-3-Me.mzXML	GATACA	GATACA	S055-3-Me.mzXML	G1
Y679-3-Me.mzXML	GATACA	GATACA	Y679-3-Me.mzXML	G1
T403-3-Me.mzXML	GATACA	GATACA	T403-3-Me.mzXML	G1
P105-3-Me.mzXML	GATACA	GATACA	P105-3-Me.mzXML	G1
S197-3-EA.mzXML	GATACA	GATACA	S197-3-EA.mzXML	G1
B458-3-EA.mzXML	GATACA	GATACA	B458-3-EA.mzXML	G1
B458-3-Bu.mzXML	GATACA	GATACA	B458-3-Bu.mzXML	G1
S197-3-Bu.mzXML	GATACA	GATACA	S197-3-Bu.mzXML	G1
S820-3-EA.mzXML	GATACA	GATACA	S820-3-EA.mzXML	G1
S325-3-Bu.mzXML	GATACA	GATACA	S325-3-Bu.mzXML	G1
H732-3-Me.mzXML	GATACA	GATACA	H732-3-Me.mzXML	G1
R699-3-Me.mzXML	GATACA	GATACA	R699-3-Me.mzXML	G1
T250-3-Me.mzXML	GATACA	GATACA	T250-3-Me.mzXML	G1
S820-3-Bu.mzXML	GATACA	GATACA	S820-3-Bu.mzXML	G1
S325-3-EA.mzXML	GATACA	GATACA	S325-3-EA.mzXML	G1
